{"total_time_h":2.02,"loss_reduction":1.4417400000000002,"best_loss":5.007516,"train/loss":5.007842,"plots/tsne_epoch_200":{"height":998,"_type":"image-file","sha256":"d0c485eca05c020fd08988ea3fad95afd31231ca1afc9f0a6b714b3ae2029e3e","size":373815,"path":"media/images/plots/tsne_epoch_200_201_d0c485eca05c020fd089.png","format":"png","width":1368},"_timestamp":1.7792587998372717e+09,"jitter_gain_pp":14.94,"_wandb":{"runtime":1},"epoch":200,"base_accuracy_no_jitter":66.27,"_runtime":1,"final_loss":5.007842,"initial_loss":6.449256,"train/time_s":35.88,"plots/training_loss_curve":{"width":1281,"height":818,"_type":"image-file","sha256":"fbae6949e937c822e32f1792732a421675864e86ce6321fc9df75c727abef261","size":52748,"path":"media/images/plots/training_loss_curve_200_fbae6949e937c822e32f.png","format":"png"},"probe_accuracy":81.21,"train/lr":6e-08,"_step":201}