{"plots/tsne_epoch_200":{"sha256":"3c0e32eae9aba1cc959715f094db7118ea3f2b9bf15050d09611c9bdeda34fcc","size":415523,"path":"media/images/plots/tsne_epoch_200_201_3c0e32eae9aba1cc9597.png","format":"png","width":1367,"height":998,"_type":"image-file"},"_runtime":2,"plots/training_loss_curve":{"format":"png","width":1280,"height":818,"_type":"image-file","sha256":"5c9530662097b1504e748def3428d9a4ab9bbeaf17a526e771e90d276536b1f5","size":53015,"path":"media/images/plots/training_loss_curve_200_5c9530662097b1504e74.png"},"train/time_s":35.63,"train/loss":4.957654,"_wandb":{"runtime":2},"final_loss":4.957654,"jitter_gain_pp":16.81,"loss_reduction":1.5094709999999996,"_step":201,"epoch":200,"_timestamp":1.7792586625905898e+09,"best_loss":4.957427,"train/lr":6e-08,"probe_accuracy":51.21,"total_time_h":1.98,"initial_loss":6.466898,"base_accuracy_no_jitter":34.4}