{"loss_reduction":1.4333270000000002,"train/time_s":37.04,"_wandb":{"runtime":1},"initial_loss":6.423941,"best_loss":4.990614,"final_loss":4.991263,"train/lr":6e-08,"jitter_gain_pp":19.81,"plots/tsne_epoch_200":{"path":"media/images/plots/tsne_epoch_200_201_124d8fc9aaf1b9b5f140.png","format":"png","width":1368,"height":998,"_type":"image-file","sha256":"124d8fc9aaf1b9b5f1400d6a994a40ff7690ba29b361443d6d40e2fcbd258690","size":385447},"train/loss":4.991263,"epoch":200,"base_accuracy_no_jitter":64.49,"plots/training_loss_curve":{"format":"png","width":1281,"height":818,"_type":"image-file","sha256":"5516fdf1286516c632ff29c8a56f4771b5eb67e4f3d94f7b32a49cb04b484ed3","size":50757,"path":"media/images/plots/training_loss_curve_200_5516fdf1286516c632ff.png"},"_step":201,"probe_accuracy":84.3,"_timestamp":1.7792593044856544e+09,"total_time_h":2.06,"_runtime":1}