{"base_accuracy_no_jitter":59.22,"train/lr":6e-08,"plots/training_loss_curve":{"width":1281,"height":818,"_type":"image-file","sha256":"de0377d0966b9ae9d2c02ce01bbb9dcaee4f3afdc3700a4056336eb482b03d27","size":50316,"path":"media/images/plots/training_loss_curve_200_de0377d0966b9ae9d2c0.png","format":"png"},"final_loss":4.961025,"_step":201,"initial_loss":6.32047,"best_loss":4.96063,"train/loss":4.961025,"_runtime":1,"_timestamp":1.779258683283484e+09,"plots/tsne_epoch_200":{"format":"png","width":1368,"height":998,"_type":"image-file","sha256":"bccd9583fc4046867bb0574ed12305b3d66a0cf569e3d14d6b57e348e4c7313b","size":374585,"path":"media/images/plots/tsne_epoch_200_201_bccd9583fc4046867bb0.png"},"jitter_gain_pp":21.31,"epoch":200,"loss_reduction":1.3598400000000002,"probe_accuracy":80.53,"_wandb":{"runtime":1},"total_time_h":2,"train/time_s":36.99}