{"_wandb":{"runtime":1},"train/time_s":37.01,"probe_accuracy":80.65,"train/loss":4.980582,"base_accuracy_no_jitter":63.01,"_step":201,"loss_reduction":1.4267370000000001,"plots/tsne_epoch_200":{"format":"png","width":1368,"height":998,"_type":"image-file","sha256":"5475e5f385338cbc7b753c97adf779708aa47335b39bcd0c154c910074e69780","size":360106,"path":"media/images/plots/tsne_epoch_200_201_5475e5f385338cbc7b75.png"},"plots/training_loss_curve":{"_type":"image-file","sha256":"76adca4d1f0b357ae316b37052c3c3480101786efd5c945e11170dc9de617a27","size":51658,"path":"media/images/plots/training_loss_curve_200_76adca4d1f0b357ae316.png","format":"png","width":1281,"height":818},"_timestamp":1.779258712120426e+09,"total_time_h":2.07,"final_loss":4.980582,"best_loss":4.980117,"train/lr":7e-08,"_runtime":1,"jitter_gain_pp":17.64,"epoch":200,"initial_loss":6.406854}