{"_runtime":7,"initial_loss":6.466898,"final_loss":4.957654,"best_loss":4.957427,"base_accuracy_no_jitter":34.4,"train/loss":4.957654,"train/lr":6e-08,"train/time_s":35.63,"epoch":200,"probe_accuracy":51.21,"jitter_gain_pp":16.81,"_timestamp":1.7792591146867096e+09,"plots/tsne_epoch_200":{"format":"png","width":1367,"height":998,"_type":"image-file","sha256":"3c0e32eae9aba1cc959715f094db7118ea3f2b9bf15050d09611c9bdeda34fcc","size":415523,"path":"media/images/plots/tsne_epoch_200_201_3c0e32eae9aba1cc9597.png"},"plots/training_loss_curve":{"height":818,"_type":"image-file","sha256":"5c9530662097b1504e748def3428d9a4ab9bbeaf17a526e771e90d276536b1f5","size":53015,"path":"media/images/plots/training_loss_curve_200_5c9530662097b1504e74.png","format":"png","width":1280},"_wandb":{"runtime":7},"total_time_h":1.98,"loss_reduction":1.5094709999999996,"_step":201}